Wall time,Step,Value
1575371049.196891,0,0.82396000623703
1575372116.997591,1,0.8344119787216187
1575373183.381049,2,0.8367159962654114
1575374246.386543,3,0.8347160220146179
1575375310.473576,4,0.8324480056762695
