Wall time,Step,Value
1575364232.533451,0,0.8092880249023438
1575365116.64249,1,0.8276439905166626
1575365989.827952,2,0.8341519832611084
1575366872.824913,3,0.8390719890594482
1575367775.082075,4,0.8395079970359802
