Wall time,Step,Value
1575379281.65224,0,0.8130919933319092
1575380514.749747,1,0.8283360004425049
1575381743.195513,2,0.834663987159729
1575382964.755321,3,0.8399040102958679
1575384194.323412,4,0.8430839776992798
