Wall time,Step,Value
1575818224.99581,0,0.8176640272140503
1575818529.590989,1,0.821179986000061
1575818836.544073,2,0.8216000199317932
1575819145.496482,3,0.8163520097732544
1575819456.073706,4,0.816536009311676
