Wall time,Step,Value
1575536501.643553,0,0.8255040049552917
1575537692.459567,1,0.8378599882125854
1575538911.055504,2,0.8362680077552795
1575540111.826265,3,0.829259991645813
1575541310.048936,4,0.8244199752807617
