Wall time,Step,Value
1575476408.021545,0,0.6646360158920288
1575477478.445156,1,0.6669080257415771
1575478542.407986,2,0.68886798620224
1575479601.039875,3,0.8124200105667114
1575480644.15575,4,0.8273360133171082
