Wall time,Step,Value
1575393142.98029,0,0.8250200152397156
1575394284.000613,1,0.8357160091400146
1575395415.053491,2,0.8373280167579651
1575396546.183009,3,0.8361240029335022
1575397677.003733,4,0.8315160274505615
